<?xml version="1.0" ?>
<buildInfo>
  <projectName>MassTransit</projectName>
  <companyName>CFT &amp; ACM</companyName>
  <versionMajor>0</versionMajor>
  <versionMinor>8</versionMinor>
  <buildNumber>370</buildNumber>
  <revision>0</revision>
  <version>0.8.370.0</version>
  <repositoryPath>git://github.com/phatboyg/MassTransit.git</repositoryPath>
  <microsoftNetFramework>net-3.5</microsoftNetFramework>
  <msbuildConfiguration>Release</msbuildConfiguration>
  <msbuildPlatform>Any CPU</msbuildPlatform>
  <builtWith>UppercuT v. 0.9.0.263</builtWith>
</buildInfo>
