<?xml version="1.0"?>
<doc>
    <assembly>
        <name>Magnum.Infrastructure</name>
    </assembly>
    <members>
        <member name="T:Magnum.Infrastructure.StateMachine.StateMachineUserType">
            <summary>
            An NHibernate user type for persisting state machines current state
            </summary>
        </member>
        <member name="T:Magnum.Infrastructure.UriUserType">
            <summary>
            An NHibernate user type for storing a Uri
            </summary>
        </member>
    </members>
</doc>
