<?xml version="1.0"?>
<doc>
    <assembly>
        <name>MassTransit.Transports.Msmq</name>
    </assembly>
    <members>
        <member name="T:MassTransit.Transports.Msmq.IMsmqTransport">
            <summary>
            A message-level interface to the MSMQ transport
            </summary>
        </member>
        <member name="M:MassTransit.Transports.Msmq.IMsmqTransport.Receive(System.Func{System.Messaging.Message,System.Action{System.Messaging.Message}})">
            <summary>
            Receive a message from the transport
            </summary>
            <param name="receiver"></param>
        </member>
        <member name="P:MassTransit.Transports.Msmq.CreateMsmqTransportSettings.Address">
            <summary>
            The address of the endpoint
            </summary>
        </member>
        <member name="P:MassTransit.Transports.Msmq.CreateMsmqTransportSettings.CreateIfMissing">
            <summary>
            The transport should be created if it was not found
            </summary>
        </member>
        <member name="P:MassTransit.Transports.Msmq.CreateMsmqTransportSettings.Transactional">
            <summary>
            True if the endpoint should be transactional. If Transactional is true and the endpoint already
            exists and is not transactional, an exception will be thrown.
            </summary>
        </member>
        <member name="P:MassTransit.Transports.Msmq.CreateMsmqTransportSettings.RequireTransactional">
            <summary>
            if the transactional queue is requested and required it will throw an exception if the queue 
            exists and is not transactional
            </summary>
        </member>
        <member name="P:MassTransit.Transports.Msmq.CreateMsmqEndpointSettings.ErrorAddress">
            <summary>
            The address of the endpoint where invalid messages should be moved
            </summary>
        </member>
        <member name="P:MassTransit.Transports.Msmq.CreateMsmqEndpointSettings.PurgeExistingMessages">
            <summary>
            True if any existing messages at the endpoint should be purged when the endpoint is created
            </summary>
        </member>
        <member name="P:MassTransit.Transports.Msmq.CreateMsmqEndpointSettings.Serializer">
            <summary>
            The serializer to use for messages on the endpoint
            </summary>
        </member>
        <member name="P:MassTransit.Transports.Msmq.IMsmqEndpointAddress.FormatName">
            <summary>
            The format name used to talk to MSMQ
            </summary>
        </member>
        <member name="P:MassTransit.Transports.Msmq.IMsmqEndpointAddress.LocalName">
            <summary>
            The name of the queue in local format (.\private$\name)
            </summary>
        </member>
        <member name="P:MassTransit.Transports.Msmq.IMsmqEndpointAddress.IsTransactional">
            <summary>
            Was transactional requested by the Uri
            </summary>
        </member>
    </members>
</doc>
