﻿<?xml version="1.0" encoding="utf-8" ?>
<log4net>
	<appender name="root"
			  type="log4net.Appender.ColoredConsoleAppender">
		<mapping>
			<level value="ERROR" />
			<foreColor value="Red, HighIntensity" />
		</mapping>
		<mapping>
			<level value="INFO" />
			<foreColor value="White" />
		</mapping>
		<mapping>
			<level value="DEBUG" />
			<foreColor value="Cyan" />
		</mapping>
		<layout type="log4net.Layout.PatternLayout">
			<conversionPattern value="%message%newline" />
		</layout>
	</appender>

	<!-- Custom appender for MassTransit's Messages -->
	<appender name="MT.Messages"
			  type="log4net.Appender.FileAppender">
		<file value="masstransit.messages.log" />
		<appendToFile value="false" />
		<layout type="log4net.Layout.PatternLayout">
			<conversionPattern value="%-5p %d{hh:mm:ss} %message%newline" />
		</layout>
	</appender>

	<!-- Set root logger level to DEBUG and its only appender to Console -->
	<root>
		<level value="ALL" />
		<appender-ref ref="root" />
	</root>

	<!-- Seeing service messages would be good here -->
	<logger name="Server">
		<level value="ALL"/>
	</logger>

	<!-- Standard MassTransit Logging Settings -->
	<logger name="MassTransit">
		<level value="OFF" />
	</logger>

	<logger name="MassTransit.Messages">
		<level value="OFF" />
		<appender-ref ref="MT.Messages" />
	</logger>
</log4net>